{
  "-1": {
    "precision": 0.6748893105629349,
    "recall": 0.6385397965290245,
    "f1-score": 0.6562115621156211,
    "support": 1671.0
  },
  "0": {
    "precision": 0.7709948320413437,
    "recall": 0.9226903749516815,
    "f1-score": 0.8400492697518916,
    "support": 2587.0
  },
  "1": {
    "precision": 0.8631618195376585,
    "recall": 0.7465333763302161,
    "f1-score": 0.8006225142659519,
    "support": 3101.0
  },
  "accuracy": 0.7839380350591113,
  "macro avg": {
    "precision": 0.7696819873806456,
    "recall": 0.769254515936974,
    "f1-score": 0.7656277820444882,
    "support": 7359.0
  },
  "weighted avg": {
    "precision": 0.7880103914700229,
    "recall": 0.7839380350591113,
    "f1-score": 0.78169145235522,
    "support": 7359.0
  }
}